file,line,type,commit,author,date,time,timezone,datetime,depth,length
style.css,1,css,9a82c666,ShoutaiYue,2025-05-02,13:53:17,-07:00,2025-05-02T13:53:17-07:00,0,26
style.css,2,css,9a82c666,ShoutaiYue,2025-05-02,13:53:17,-07:00,2025-05-02T13:53:17-07:00,0,33
style.css,3,css,2935b709,ShoutaiYue,2025-04-18,18:19:56,-07:00,2025-04-18T18:19:56-07:00,0,0
style.css,4,css,9a82c666,ShoutaiYue,2025-05-02,13:53:17,-07:00,2025-05-02T13:53:17-07:00,0,16
style.css,5,css,ebd5d30a,ShoutaiYue,2025-04-04,14:57:01,-07:00,2025-04-04T14:57:01-07:00,0,5
style.css,6,css,2935b709,ShoutaiYue,2025-04-18,18:19:56,-07:00,2025-04-18T18:19:56-07:00,0,24
style.css,7,css,2935b709,ShoutaiYue,2025-04-18,18:19:56,-07:00,2025-04-18T18:19:56-07:00,0,16
style.css,8,css,2935b709,ShoutaiYue,2025-04-18,18:19:56,-07:00,2025-04-18T18:19:56-07:00,0,43
style.css,9,css,2935b709,ShoutaiYue,2025-04-18,18:19:56,-07:00,2025-04-18T18:19:56-07:00,0,20
style.css,10,css,2935b709,ShoutaiYue,2025-04-18,18:19:56,-07:00,2025-04-18T18:19:56-07:00,0,0
style.css,11,css,2935b709,ShoutaiYue,2025-04-18,18:19:56,-07:00,2025-04-18T18:19:56-07:00,0,0
style.css,12,css,9a82c666,ShoutaiYue,2025-05-02,13:53:17,-07:00,2025-05-02T13:53:17-07:00,0,11
style.css,13,css,2935b709,ShoutaiYue,2025-04-18,18:19:56,-07:00,2025-04-18T18:19:56-07:00,0,6
style.css,14,css,2935b709,ShoutaiYue,2025-04-18,18:19:56,-07:00,2025-04-18T18:19:56-07:00,0,38
style.css,15,css,2935b709,ShoutaiYue,2025-04-18,18:19:56,-07:00,2025-04-18T18:19:56-07:00,0,33
style.css,16,css,2935b709,ShoutaiYue,2025-04-18,18:19:56,-07:00,2025-04-18T18:19:56-07:00,0,0
style.css,17,css,2935b709,ShoutaiYue,2025-04-18,18:19:56,-07:00,2025-04-18T18:19:56-07:00,0,0
style.css,18,css,2935b709,ShoutaiYue,2025-04-18,18:19:56,-07:00,2025-04-18T18:19:56-07:00,0,32
style.css,19,css,2935b709,ShoutaiYue,2025-04-18,18:19:56,-07:00,2025-04-18T18:19:56-07:00,0,0
style.css,20,css,9a82c666,ShoutaiYue,2025-05-02,13:53:17,-07:00,2025-05-02T13:53:17-07:00,0,15
style.css,21,css,2935b709,ShoutaiYue,2025-04-18,18:19:56,-07:00,2025-04-18T18:19:56-07:00,0,4
style.css,22,css,9a82c666,ShoutaiYue,2025-05-02,13:53:17,-07:00,2025-05-02T13:53:17-07:00,0,40
style.css,23,css,2935b709,ShoutaiYue,2025-04-18,18:19:56,-07:00,2025-04-18T18:19:56-07:00,0,13
style.css,24,css,2935b709,ShoutaiYue,2025-04-18,18:19:56,-07:00,2025-04-18T18:19:56-07:00,0,19
style.css,25,css,2935b709,ShoutaiYue,2025-04-18,18:19:56,-07:00,2025-04-18T18:19:56-07:00,0,18
style.css,26,css,2935b709,ShoutaiYue,2025-04-18,18:19:56,-07:00,2025-04-18T18:19:56-07:00,0,0
style.css,27,css,2935b709,ShoutaiYue,2025-04-18,18:19:56,-07:00,2025-04-18T18:19:56-07:00,0,0
style.css,28,css,2935b709,ShoutaiYue,2025-04-18,18:19:56,-07:00,2025-04-18T18:19:56-07:00,0,6
style.css,29,css,2935b709,ShoutaiYue,2025-04-18,18:19:56,-07:00,2025-04-18T18:19:56-07:00,0,7
style.css,30,css,2935b709,ShoutaiYue,2025-04-18,18:19:56,-07:00,2025-04-18T18:19:56-07:00,0,18
style.css,31,css,2935b709,ShoutaiYue,2025-04-18,18:19:56,-07:00,2025-04-18T18:19:56-07:00,0,14
style.css,32,css,2935b709,ShoutaiYue,2025-04-18,18:19:56,-07:00,2025-04-18T18:19:56-07:00,0,21
style.css,33,css,2935b709,ShoutaiYue,2025-04-18,18:19:56,-07:00,2025-04-18T18:19:56-07:00,0,14
style.css,34,css,9a82c666,ShoutaiYue,2025-05-02,13:53:17,-07:00,2025-05-02T13:53:17-07:00,0,38
style.css,35,css,2935b709,ShoutaiYue,2025-04-18,18:19:56,-07:00,2025-04-18T18:19:56-07:00,0,0
style.css,36,css,2935b709,ShoutaiYue,2025-04-18,18:19:56,-07:00,2025-04-18T18:19:56-07:00,0,0
style.css,37,css,9a82c666,ShoutaiYue,2025-05-02,13:53:17,-07:00,2025-05-02T13:53:17-07:00,0,58
style.css,38,css,2935b709,ShoutaiYue,2025-04-18,18:19:56,-07:00,2025-04-18T18:19:56-07:00,0,0
style.css,39,css,2935b709,ShoutaiYue,2025-04-18,18:19:56,-07:00,2025-04-18T18:19:56-07:00,0,12
style.css,40,css,2935b709,ShoutaiYue,2025-04-18,18:19:56,-07:00,2025-04-18T18:19:56-07:00,0,40
style.css,41,css,9a82c666,ShoutaiYue,2025-05-02,13:53:17,-07:00,2025-05-02T13:53:17-07:00,0,64
style.css,42,css,2935b709,ShoutaiYue,2025-04-18,18:19:56,-07:00,2025-04-18T18:19:56-07:00,0,0
style.css,43,css,2935b709,ShoutaiYue,2025-04-18,18:19:56,-07:00,2025-04-18T18:19:56-07:00,0,0
style.css,44,css,9a82c666,ShoutaiYue,2025-05-02,13:53:17,-07:00,2025-05-02T13:53:17-07:00,0,17
style.css,45,css,2935b709,ShoutaiYue,2025-04-18,18:19:56,-07:00,2025-04-18T18:19:56-07:00,0,19
style.css,46,css,2935b709,ShoutaiYue,2025-04-18,18:19:56,-07:00,2025-04-18T18:19:56-07:00,0,18
style.css,47,css,2935b709,ShoutaiYue,2025-04-18,18:19:56,-07:00,2025-04-18T18:19:56-07:00,0,9
style.css,48,css,2935b709,ShoutaiYue,2025-04-18,18:19:56,-07:00,2025-04-18T18:19:56-07:00,0,11
style.css,49,css,2935b709,ShoutaiYue,2025-04-18,18:19:56,-07:00,2025-04-18T18:19:56-07:00,0,14
style.css,50,css,2935b709,ShoutaiYue,2025-04-18,18:19:56,-07:00,2025-04-18T18:19:56-07:00,0,11
style.css,51,css,2935b709,ShoutaiYue,2025-04-18,18:19:56,-07:00,2025-04-18T18:19:56-07:00,0,0
style.css,52,css,2935b709,ShoutaiYue,2025-04-18,18:19:56,-07:00,2025-04-18T18:19:56-07:00,0,0
style.css,53,css,9a82c666,ShoutaiYue,2025-05-02,13:53:17,-07:00,2025-05-02T13:53:17-07:00,0,49
style.css,54,css,2935b709,ShoutaiYue,2025-04-18,18:19:56,-07:00,2025-04-18T18:19:56-07:00,0,0
style.css,55,css,9a82c666,ShoutaiYue,2025-05-02,13:53:17,-07:00,2025-05-02T13:53:17-07:00,0,13
style.css,56,css,2935b709,ShoutaiYue,2025-04-18,18:19:56,-07:00,2025-04-18T18:19:56-07:00,0,22
style.css,57,css,9a82c666,ShoutaiYue,2025-05-02,13:53:17,-07:00,2025-05-02T13:53:17-07:00,0,63
style.css,58,css,2935b709,ShoutaiYue,2025-04-18,18:19:56,-07:00,2025-04-18T18:19:56-07:00,0,0
style.css,59,css,9a82c666,ShoutaiYue,2025-05-02,13:53:17,-07:00,2025-05-02T13:53:17-07:00,0,9
style.css,60,css,7b388554,ShoutaiYue,2025-04-18,18:29:43,-07:00,2025-04-18T18:29:43-07:00,0,5
style.css,61,css,9a82c666,ShoutaiYue,2025-05-02,13:53:17,-07:00,2025-05-02T13:53:17-07:00,0,13
style.css,62,css,7b388554,ShoutaiYue,2025-04-18,18:29:43,-07:00,2025-04-18T18:29:43-07:00,0,22
style.css,63,css,9a82c666,ShoutaiYue,2025-05-02,13:53:17,-07:00,2025-05-02T13:53:17-07:00,0,12
style.css,64,css,7b388554,ShoutaiYue,2025-04-18,18:29:43,-07:00,2025-04-18T18:29:43-07:00,0,16
style.css,65,css,7b388554,ShoutaiYue,2025-04-18,18:29:43,-07:00,2025-04-18T18:29:43-07:00,0,17
style.css,66,css,7b388554,ShoutaiYue,2025-04-18,18:29:43,-07:00,2025-04-18T18:29:43-07:00,0,0
style.css,67,css,9a82c666,ShoutaiYue,2025-05-02,13:53:17,-07:00,2025-05-02T13:53:17-07:00,0,73
style.css,68,css,2935b709,ShoutaiYue,2025-04-18,18:19:56,-07:00,2025-04-18T18:19:56-07:00,0,10
style.css,69,css,2935b709,ShoutaiYue,2025-04-18,18:19:56,-07:00,2025-04-18T18:19:56-07:00,0,14
style.css,70,css,7b388554,ShoutaiYue,2025-04-18,18:29:43,-07:00,2025-04-18T18:29:43-07:00,0,11
style.css,71,css,2935b709,ShoutaiYue,2025-04-18,18:19:56,-07:00,2025-04-18T18:19:56-07:00,0,22
style.css,72,css,7b388554,ShoutaiYue,2025-04-18,18:29:43,-07:00,2025-04-18T18:29:43-07:00,0,39
style.css,73,css,7b388554,ShoutaiYue,2025-04-18,18:29:43,-07:00,2025-04-18T18:29:43-07:00,0,38
style.css,74,css,7b388554,ShoutaiYue,2025-04-18,18:29:43,-07:00,2025-04-18T18:29:43-07:00,0,21
style.css,75,css,2935b709,ShoutaiYue,2025-04-18,18:19:56,-07:00,2025-04-18T18:19:56-07:00,0,0
style.css,76,css,9a82c666,ShoutaiYue,2025-05-02,13:53:17,-07:00,2025-05-02T13:53:17-07:00,0,72
style.css,77,css,2935b709,ShoutaiYue,2025-04-18,18:19:56,-07:00,2025-04-18T18:19:56-07:00,0,12
style.css,78,css,9a82c666,ShoutaiYue,2025-05-02,13:53:17,-07:00,2025-05-02T13:53:17-07:00,0,22
style.css,79,css,2935b709,ShoutaiYue,2025-04-18,18:19:56,-07:00,2025-04-18T18:19:56-07:00,0,23
style.css,80,css,2935b709,ShoutaiYue,2025-04-18,18:19:56,-07:00,2025-04-18T18:19:56-07:00,0,38
style.css,81,css,7b388554,ShoutaiYue,2025-04-18,18:29:43,-07:00,2025-04-18T18:29:43-07:00,0,15
style.css,82,css,2935b709,ShoutaiYue,2025-04-18,18:19:56,-07:00,2025-04-18T18:19:56-07:00,0,0
style.css,83,css,2935b709,ShoutaiYue,2025-04-18,18:19:56,-07:00,2025-04-18T18:19:56-07:00,0,0
style.css,84,css,9a82c666,ShoutaiYue,2025-05-02,13:53:17,-07:00,2025-05-02T13:53:17-07:00,0,17
style.css,85,css,2935b709,ShoutaiYue,2025-04-18,18:19:56,-07:00,2025-04-18T18:19:56-07:00,0,10
style.css,86,css,2935b709,ShoutaiYue,2025-04-18,18:19:56,-07:00,2025-04-18T18:19:56-07:00,0,13
style.css,87,css,2935b709,ShoutaiYue,2025-04-18,18:19:56,-07:00,2025-04-18T18:19:56-07:00,0,59
style.css,88,css,2935b709,ShoutaiYue,2025-04-18,18:19:56,-07:00,2025-04-18T18:19:56-07:00,0,8
style.css,89,css,2935b709,ShoutaiYue,2025-04-18,18:19:56,-07:00,2025-04-18T18:19:56-07:00,0,0
style.css,90,css,9d02108d,ShoutaiYue,2025-04-25,11:10:46,-07:00,2025-04-25T11:10:46-07:00,0,0
style.css,91,css,9a82c666,ShoutaiYue,2025-05-02,13:53:17,-07:00,2025-05-02T13:53:17-07:00,0,53
style.css,92,css,9a82c666,ShoutaiYue,2025-05-02,13:53:17,-07:00,2025-05-02T13:53:17-07:00,0,0
style.css,93,css,9a82c666,ShoutaiYue,2025-05-02,13:53:17,-07:00,2025-05-02T13:53:17-07:00,0,24
style.css,94,css,9a82c666,ShoutaiYue,2025-05-02,13:53:17,-07:00,2025-05-02T13:53:17-07:00,0,12
style.css,95,css,9a82c666,ShoutaiYue,2025-05-02,13:53:17,-07:00,2025-05-02T13:53:17-07:00,0,13
style.css,96,css,9a82c666,ShoutaiYue,2025-05-02,13:53:17,-07:00,2025-05-02T13:53:17-07:00,0,19
style.css,97,css,9a82c666,ShoutaiYue,2025-05-02,13:53:17,-07:00,2025-05-02T13:53:17-07:00,0,9
style.css,98,css,9a82c666,ShoutaiYue,2025-05-02,13:53:17,-07:00,2025-05-02T13:53:17-07:00,0,15
style.css,99,css,9a82c666,ShoutaiYue,2025-05-02,13:53:17,-07:00,2025-05-02T13:53:17-07:00,0,0
style.css,100,css,9a82c666,ShoutaiYue,2025-05-02,13:53:17,-07:00,2025-05-02T13:53:17-07:00,0,19
style.css,101,css,9a82c666,ShoutaiYue,2025-05-02,13:53:17,-07:00,2025-05-02T13:53:17-07:00,0,15
style.css,102,css,9a82c666,ShoutaiYue,2025-05-02,13:53:17,-07:00,2025-05-02T13:53:17-07:00,0,17
style.css,103,css,9a82c666,ShoutaiYue,2025-05-02,13:53:17,-07:00,2025-05-02T13:53:17-07:00,0,17
style.css,104,css,9a82c666,ShoutaiYue,2025-05-02,13:53:17,-07:00,2025-05-02T13:53:17-07:00,0,0
style.css,105,css,9a82c666,ShoutaiYue,2025-05-02,13:53:17,-07:00,2025-05-02T13:53:17-07:00,0,0
style.css,106,css,9a82c666,ShoutaiYue,2025-05-02,13:53:17,-07:00,2025-05-02T13:53:17-07:00,0,11
style.css,107,css,9a82c666,ShoutaiYue,2025-05-02,13:53:17,-07:00,2025-05-02T13:53:17-07:00,0,8
style.css,108,css,9a82c666,ShoutaiYue,2025-05-02,13:53:17,-07:00,2025-05-02T13:53:17-07:00,0,13
style.css,109,css,9a82c666,ShoutaiYue,2025-05-02,13:53:17,-07:00,2025-05-02T13:53:17-07:00,0,58
style.css,110,css,9a82c666,ShoutaiYue,2025-05-02,13:53:17,-07:00,2025-05-02T13:53:17-07:00,0,9
style.css,111,css,9a82c666,ShoutaiYue,2025-05-02,13:53:17,-07:00,2025-05-02T13:53:17-07:00,0,16
style.css,112,css,9a82c666,ShoutaiYue,2025-05-02,13:53:17,-07:00,2025-05-02T13:53:17-07:00,0,22
style.css,113,css,9a82c666,ShoutaiYue,2025-05-02,13:53:17,-07:00,2025-05-02T13:53:17-07:00,0,7
style.css,114,css,9a82c666,ShoutaiYue,2025-05-02,13:53:17,-07:00,2025-05-02T13:53:17-07:00,0,16
style.css,115,css,9a82c666,ShoutaiYue,2025-05-02,13:53:17,-07:00,2025-05-02T13:53:17-07:00,0,9
style.css,116,css,9a82c666,ShoutaiYue,2025-05-02,13:53:17,-07:00,2025-05-02T13:53:17-07:00,0,0
style.css,117,css,9a82c666,ShoutaiYue,2025-05-02,13:53:17,-07:00,2025-05-02T13:53:17-07:00,0,13
style.css,118,css,9a82c666,ShoutaiYue,2025-05-02,13:53:17,-07:00,2025-05-02T13:53:17-07:00,0,13
style.css,119,css,9a82c666,ShoutaiYue,2025-05-02,13:53:17,-07:00,2025-05-02T13:53:17-07:00,0,19
style.css,120,css,9a82c666,ShoutaiYue,2025-05-02,13:53:17,-07:00,2025-05-02T13:53:17-07:00,0,11
style.css,121,css,9a82c666,ShoutaiYue,2025-05-02,13:53:17,-07:00,2025-05-02T13:53:17-07:00,0,26
style.css,122,css,9a82c666,ShoutaiYue,2025-05-02,13:53:17,-07:00,2025-05-02T13:53:17-07:00,0,0
style.css,123,css,9a82c666,ShoutaiYue,2025-05-02,13:53:17,-07:00,2025-05-02T13:53:17-07:00,0,21
style.css,124,css,9a82c666,ShoutaiYue,2025-05-02,13:53:17,-07:00,2025-05-02T13:53:17-07:00,0,21
style.css,125,css,9a82c666,ShoutaiYue,2025-05-02,13:53:17,-07:00,2025-05-02T13:53:17-07:00,0,10
style.css,126,css,9a82c666,ShoutaiYue,2025-05-02,13:53:17,-07:00,2025-05-02T13:53:17-07:00,0,19
style.css,127,css,9a82c666,ShoutaiYue,2025-05-02,13:53:17,-07:00,2025-05-02T13:53:17-07:00,0,18
style.css,128,css,9a82c666,ShoutaiYue,2025-05-02,13:53:17,-07:00,2025-05-02T13:53:17-07:00,0,24
style.css,129,css,9d02108d,ShoutaiYue,2025-04-25,11:10:46,-07:00,2025-04-25T11:10:46-07:00,0,0
style.css,130,css,9a82c666,ShoutaiYue,2025-05-02,13:53:17,-07:00,2025-05-02T13:53:17-07:00,0,0
style.css,131,css,9a82c666,ShoutaiYue,2025-05-02,13:53:17,-07:00,2025-05-02T13:53:17-07:00,0,31
style.css,132,css,9a82c666,ShoutaiYue,2025-05-02,13:53:17,-07:00,2025-05-02T13:53:17-07:00,0,62
style.css,133,css,9a82c666,ShoutaiYue,2025-05-02,13:53:17,-07:00,2025-05-02T13:53:17-07:00,0,68
style.css,134,css,9a82c666,ShoutaiYue,2025-05-02,13:53:17,-07:00,2025-05-02T13:53:17-07:00,0,41
style.css,135,css,9a82c666,ShoutaiYue,2025-05-02,13:53:17,-07:00,2025-05-02T13:53:17-07:00,0,41
index.js,1,js,9d02108d,ShoutaiYue,2025-04-25,11:10:46,-07:00,2025-04-25T11:10:46-07:00,0,71
index.js,2,js,9d02108d,ShoutaiYue,2025-04-25,11:10:46,-07:00,2025-04-25T11:10:46-07:00,0,36
index.js,3,js,9d02108d,ShoutaiYue,2025-04-25,11:10:46,-07:00,2025-04-25T11:10:46-07:00,0,55
index.js,4,js,9d02108d,ShoutaiYue,2025-04-25,11:10:46,-07:00,2025-04-25T11:10:46-07:00,0,43
index.js,5,js,9d02108d,ShoutaiYue,2025-04-25,11:10:46,-07:00,2025-04-25T11:10:46-07:00,0,0
index.js,6,js,9d02108d,ShoutaiYue,2025-04-25,11:10:46,-07:00,2025-04-25T11:10:46-07:00,0,61
index.js,7,js,9d02108d,ShoutaiYue,2025-04-25,11:10:46,-07:00,2025-04-25T11:10:46-07:00,0,0
index.js,8,js,9d02108d,ShoutaiYue,2025-04-25,11:10:46,-07:00,2025-04-25T11:10:46-07:00,0,55
index.js,9,js,9d02108d,ShoutaiYue,2025-04-25,11:10:46,-07:00,2025-04-25T11:10:46-07:00,0,0
index.js,10,js,9d02108d,ShoutaiYue,2025-04-25,11:10:46,-07:00,2025-04-25T11:10:46-07:00,0,0
index.js,11,js,9d02108d,ShoutaiYue,2025-04-25,11:10:46,-07:00,2025-04-25T11:10:46-07:00,0,32
index.js,12,js,9d02108d,ShoutaiYue,2025-04-25,11:10:46,-07:00,2025-04-25T11:10:46-07:00,0,52
index.js,13,js,9d02108d,ShoutaiYue,2025-04-25,11:10:46,-07:00,2025-04-25T11:10:46-07:00,0,23
index.js,14,js,9d02108d,ShoutaiYue,2025-04-25,11:10:46,-07:00,2025-04-25T11:10:46-07:00,0,0
index.js,15,js,9d02108d,ShoutaiYue,2025-04-25,11:10:46,-07:00,2025-04-25T11:10:46-07:00,0,61
index.js,16,js,9d02108d,ShoutaiYue,2025-04-25,11:10:46,-07:00,2025-04-25T11:10:46-07:00,0,0
index.js,17,js,9d02108d,ShoutaiYue,2025-04-25,11:10:46,-07:00,2025-04-25T11:10:46-07:00,0,32
index.js,18,js,9d02108d,ShoutaiYue,2025-04-25,11:10:46,-07:00,2025-04-25T11:10:46-07:00,0,25
index.js,19,js,9d02108d,ShoutaiYue,2025-04-25,11:10:46,-07:00,2025-04-25T11:10:46-07:00,0,81
index.js,20,js,9d02108d,ShoutaiYue,2025-04-25,11:10:46,-07:00,2025-04-25T11:10:46-07:00,0,56
index.js,21,js,9d02108d,ShoutaiYue,2025-04-25,11:10:46,-07:00,2025-04-25T11:10:46-07:00,0,56
index.js,22,js,9d02108d,ShoutaiYue,2025-04-25,11:10:46,-07:00,2025-04-25T11:10:46-07:00,0,50
index.js,23,js,9d02108d,ShoutaiYue,2025-04-25,11:10:46,-07:00,2025-04-25T11:10:46-07:00,0,50
index.js,24,js,9d02108d,ShoutaiYue,2025-04-25,11:10:46,-07:00,2025-04-25T11:10:46-07:00,0,4
index.js,25,js,9d02108d,ShoutaiYue,2025-04-25,11:10:46,-07:00,2025-04-25T11:10:46-07:00,0,1
index.js,26,js,9d02108d,ShoutaiYue,2025-04-25,11:10:46,-07:00,2025-04-25T11:10:46-07:00,0,0
index.js,27,js,9d02108d,ShoutaiYue,2025-04-25,11:10:46,-07:00,2025-04-25T11:10:46-07:00,0,0
index.js,28,js,9d02108d,ShoutaiYue,2025-04-25,11:10:46,-07:00,2025-04-25T11:10:46-07:00,0,0
index.js,29,js,9d02108d,ShoutaiYue,2025-04-25,11:10:46,-07:00,2025-04-25T11:10:46-07:00,0,16
index.js,30,js,9d02108d,ShoutaiYue,2025-04-25,11:10:46,-07:00,2025-04-25T11:10:46-07:00,0,20
index.js,31,js,9d02108d,ShoutaiYue,2025-04-25,11:10:46,-07:00,2025-04-25T11:10:46-07:00,0,0
index.js,32,js,9d02108d,ShoutaiYue,2025-04-25,11:10:46,-07:00,2025-04-25T11:10:46-07:00,0,0
index.html,1,html,e60ec534,ShoutaiYue,2025-04-04,14:00:27,-07:00,2025-04-04T14:00:27-07:00,0,14
index.html,2,html,e60ec534,ShoutaiYue,2025-04-04,14:00:27,-07:00,2025-04-04T14:00:27-07:00,0,15
index.html,3,html,e60ec534,ShoutaiYue,2025-04-04,14:00:27,-07:00,2025-04-04T14:00:27-07:00,0,5
index.html,4,html,dde857d8,ShoutaiYue,2025-04-12,16:36:13,-07:00,2025-04-12T16:36:13-07:00,0,23
index.html,5,html,dde857d8,ShoutaiYue,2025-04-12,16:36:13,-07:00,2025-04-12T16:36:13-07:00,0,71
index.html,6,html,dde857d8,ShoutaiYue,2025-04-12,16:36:13,-07:00,2025-04-12T16:36:13-07:00,0,54
index.html,7,html,dde857d8,ShoutaiYue,2025-04-12,16:36:13,-07:00,2025-04-12T16:36:13-07:00,0,41
index.html,8,html,2935b709,ShoutaiYue,2025-04-18,18:19:56,-07:00,2025-04-18T18:19:56-07:00,0,46
index.html,9,html,9d02108d,ShoutaiYue,2025-04-25,11:10:46,-07:00,2025-04-25T11:10:46-07:00,0,51
index.html,10,html,e60ec534,ShoutaiYue,2025-04-04,14:00:27,-07:00,2025-04-04T14:00:27-07:00,0,6
index.html,11,html,e60ec534,ShoutaiYue,2025-04-04,14:00:27,-07:00,2025-04-04T14:00:27-07:00,0,5
index.html,12,html,dde857d8,ShoutaiYue,2025-04-12,16:36:13,-07:00,2025-04-12T16:36:13-07:00,0,19
index.html,13,html,dde857d8,ShoutaiYue,2025-04-12,16:36:13,-07:00,2025-04-12T16:36:13-07:00,0,96
index.html,14,html,dde857d8,ShoutaiYue,2025-04-12,16:36:13,-07:00,2025-04-12T16:36:13-07:00,0,3
index.html,15,html,5d15009b,ShoutaiYue,2025-05-02,12:31:38,-07:00,2025-05-02T12:31:38-07:00,0,56
index.html,16,html,dde857d8,ShoutaiYue,2025-04-12,16:36:13,-07:00,2025-04-12T16:36:13-07:00,0,22
index.html,17,html,dde857d8,ShoutaiYue,2025-04-12,16:36:13,-07:00,2025-04-12T16:36:13-07:00,0,10
index.html,18,html,dde857d8,ShoutaiYue,2025-04-12,16:36:13,-07:00,2025-04-12T16:36:13-07:00,0,11
index.html,19,html,dde857d8,ShoutaiYue,2025-04-12,16:36:13,-07:00,2025-04-12T16:36:13-07:00,0,1
index.html,20,html,dde857d8,ShoutaiYue,2025-04-12,16:36:13,-07:00,2025-04-12T16:36:13-07:00,0,34
index.html,21,html,9d02108d,ShoutaiYue,2025-04-25,11:10:46,-07:00,2025-04-25T11:10:46-07:00,0,0
index.html,22,html,9d02108d,ShoutaiYue,2025-04-25,11:10:46,-07:00,2025-04-25T11:10:46-07:00,0,3
index.html,23,html,9d02108d,ShoutaiYue,2025-04-25,11:10:46,-07:00,2025-04-25T11:10:46-07:00,0,0
index.html,24,html,9d02108d,ShoutaiYue,2025-04-25,11:10:46,-07:00,2025-04-25T11:10:46-07:00,0,23
index.html,25,html,9d02108d,ShoutaiYue,2025-04-25,11:10:46,-07:00,2025-04-25T11:10:46-07:00,0,27
index.html,26,html,9d02108d,ShoutaiYue,2025-04-25,11:10:46,-07:00,2025-04-25T11:10:46-07:00,0,0
index.html,27,html,9d02108d,ShoutaiYue,2025-04-25,11:10:46,-07:00,2025-04-25T11:10:46-07:00,0,22
index.html,28,html,71f070e2,ShoutaiYue,2025-04-25,11:32:27,-07:00,2025-04-25T11:32:27-07:00,0,29
index.html,29,html,9d02108d,ShoutaiYue,2025-04-25,11:10:46,-07:00,2025-04-25T11:10:46-07:00,0,0
index.html,30,html,e60ec534,ShoutaiYue,2025-04-04,14:00:27,-07:00,2025-04-04T14:00:27-07:00,0,6
index.html,31,html,dde857d8,ShoutaiYue,2025-04-12,16:36:13,-07:00,2025-04-12T16:36:13-07:00,0,6
global.js,1,js,2935b709,ShoutaiYue,2025-04-18,18:19:56,-07:00,2025-04-18T18:19:56-07:00,0,49
global.js,2,js,2935b709,ShoutaiYue,2025-04-18,18:19:56,-07:00,2025-04-18T18:19:56-07:00,0,53
global.js,3,js,2935b709,ShoutaiYue,2025-04-18,18:19:56,-07:00,2025-04-18T18:19:56-07:00,0,0
global.js,4,js,2935b709,ShoutaiYue,2025-04-18,18:19:56,-07:00,2025-04-18T18:19:56-07:00,0,0
global.js,5,js,2935b709,ShoutaiYue,2025-04-18,18:19:56,-07:00,2025-04-18T18:19:56-07:00,0,14
global.js,6,js,2935b709,ShoutaiYue,2025-04-18,18:19:56,-07:00,2025-04-18T18:19:56-07:00,0,40
global.js,7,js,2935b709,ShoutaiYue,2025-04-18,18:19:56,-07:00,2025-04-18T18:19:56-07:00,0,40
global.js,8,js,2935b709,ShoutaiYue,2025-04-18,18:19:56,-07:00,2025-04-18T18:19:56-07:00,0,40
global.js,9,js,2935b709,ShoutaiYue,2025-04-18,18:19:56,-07:00,2025-04-18T18:19:56-07:00,0,40
global.js,10,js,2935b709,ShoutaiYue,2025-04-18,18:19:56,-07:00,2025-04-18T18:19:56-07:00,0,1
global.js,11,js,2935b709,ShoutaiYue,2025-04-18,18:19:56,-07:00,2025-04-18T18:19:56-07:00,0,0
global.js,12,js,9d02108d,ShoutaiYue,2025-04-25,11:10:46,-07:00,2025-04-25T11:10:46-07:00,0,37
global.js,13,js,9d02108d,ShoutaiYue,2025-04-25,11:10:46,-07:00,2025-04-25T11:10:46-07:00,0,4
global.js,14,js,9d02108d,ShoutaiYue,2025-04-25,11:10:46,-07:00,2025-04-25T11:10:46-07:00,0,33
global.js,15,js,9d02108d,ShoutaiYue,2025-04-25,11:10:46,-07:00,2025-04-25T11:10:46-07:00,0,18
global.js,16,js,9d02108d,ShoutaiYue,2025-04-25,11:10:46,-07:00,2025-04-25T11:10:46-07:00,0,67
global.js,17,js,9d02108d,ShoutaiYue,2025-04-25,11:10:46,-07:00,2025-04-25T11:10:46-07:00,0,0
global.js,18,js,9d02108d,ShoutaiYue,2025-04-25,11:10:46,-07:00,2025-04-25T11:10:46-07:00,0,34
global.js,19,js,9d02108d,ShoutaiYue,2025-04-25,11:10:46,-07:00,2025-04-25T11:10:46-07:00,0,11
global.js,20,js,9d02108d,ShoutaiYue,2025-04-25,11:10:46,-07:00,2025-04-25T11:10:46-07:00,0,16
global.js,21,js,9d02108d,ShoutaiYue,2025-04-25,11:10:46,-07:00,2025-04-25T11:10:46-07:00,0,60
global.js,22,js,9d02108d,ShoutaiYue,2025-04-25,11:10:46,-07:00,2025-04-25T11:10:46-07:00,0,0
global.js,23,js,9d02108d,ShoutaiYue,2025-04-25,11:10:46,-07:00,2025-04-25T11:10:46-07:00,0,0
global.js,24,js,9d02108d,ShoutaiYue,2025-04-25,11:10:46,-07:00,2025-04-25T11:10:46-07:00,0,0
global.js,25,js,9d02108d,ShoutaiYue,2025-04-25,11:10:46,-07:00,2025-04-25T11:10:46-07:00,0,80
global.js,26,js,9d02108d,ShoutaiYue,2025-04-25,11:10:46,-07:00,2025-04-25T11:10:46-07:00,0,31
global.js,27,js,9d02108d,ShoutaiYue,2025-04-25,11:10:46,-07:00,2025-04-25T11:10:46-07:00,0,0
global.js,28,js,9d02108d,ShoutaiYue,2025-04-25,11:10:46,-07:00,2025-04-25T11:10:46-07:00,0,27
global.js,29,js,9d02108d,ShoutaiYue,2025-04-25,11:10:46,-07:00,2025-04-25T11:10:46-07:00,0,61
global.js,30,js,9d02108d,ShoutaiYue,2025-04-25,11:10:46,-07:00,2025-04-25T11:10:46-07:00,0,6
global.js,31,js,9d02108d,ShoutaiYue,2025-04-25,11:10:46,-07:00,2025-04-25T11:10:46-07:00,0,0
global.js,32,js,9d02108d,ShoutaiYue,2025-04-25,11:10:46,-07:00,2025-04-25T11:10:46-07:00,0,0
global.js,33,js,9d02108d,ShoutaiYue,2025-04-25,11:10:46,-07:00,2025-04-25T11:10:46-07:00,0,28
global.js,34,js,9d02108d,ShoutaiYue,2025-04-25,11:10:46,-07:00,2025-04-25T11:10:46-07:00,0,49
global.js,35,js,9d02108d,ShoutaiYue,2025-04-25,11:10:46,-07:00,2025-04-25T11:10:46-07:00,0,20
global.js,36,js,9d02108d,ShoutaiYue,2025-04-25,11:10:46,-07:00,2025-04-25T11:10:46-07:00,0,50
global.js,37,js,9d02108d,ShoutaiYue,2025-04-25,11:10:46,-07:00,2025-04-25T11:10:46-07:00,0,50
global.js,38,js,9a82c666,ShoutaiYue,2025-05-02,13:53:17,-07:00,2025-05-02T13:53:17-07:00,0,25
global.js,39,js,9a82c666,ShoutaiYue,2025-05-02,13:53:17,-07:00,2025-05-02T13:53:17-07:00,0,34
global.js,40,js,9a82c666,ShoutaiYue,2025-05-02,13:53:17,-07:00,2025-05-02T13:53:17-07:00,0,28
global.js,41,js,9a82c666,ShoutaiYue,2025-05-02,13:53:17,-07:00,2025-05-02T13:53:17-07:00,0,5
global.js,42,js,9a82c666,ShoutaiYue,2025-05-02,13:53:17,-07:00,2025-05-02T13:53:17-07:00,0,1
global.js,43,js,9d02108d,ShoutaiYue,2025-04-25,11:10:46,-07:00,2025-04-25T11:10:46-07:00,0,37
global.js,44,js,9d02108d,ShoutaiYue,2025-04-25,11:10:46,-07:00,2025-04-25T11:10:46-07:00,0,2
global.js,45,js,9d02108d,ShoutaiYue,2025-04-25,11:10:46,-07:00,2025-04-25T11:10:46-07:00,0,0
global.js,46,js,9d02108d,ShoutaiYue,2025-04-25,11:10:46,-07:00,2025-04-25T11:10:46-07:00,0,0
global.js,47,js,9d02108d,ShoutaiYue,2025-04-25,11:10:46,-07:00,2025-04-25T11:10:46-07:00,0,48
global.js,48,js,9d02108d,ShoutaiYue,2025-04-25,11:10:46,-07:00,2025-04-25T11:10:46-07:00,0,4
global.js,49,js,9d02108d,ShoutaiYue,2025-04-25,11:10:46,-07:00,2025-04-25T11:10:46-07:00,0,72
global.js,50,js,9d02108d,ShoutaiYue,2025-04-25,11:10:46,-07:00,2025-04-25T11:10:46-07:00,0,18
global.js,51,js,9d02108d,ShoutaiYue,2025-04-25,11:10:46,-07:00,2025-04-25T11:10:46-07:00,0,46
global.js,52,js,9d02108d,ShoutaiYue,2025-04-25,11:10:46,-07:00,2025-04-25T11:10:46-07:00,0,0
global.js,53,js,9d02108d,ShoutaiYue,2025-04-25,11:10:46,-07:00,2025-04-25T11:10:46-07:00,0,34
global.js,54,js,48d59191,ShoutaiYue,2025-04-25,11:29:41,-07:00,2025-04-25T11:29:41-07:00,0,11
global.js,55,js,9d02108d,ShoutaiYue,2025-04-25,11:10:46,-07:00,2025-04-25T11:10:46-07:00,0,16
global.js,56,js,9d02108d,ShoutaiYue,2025-04-25,11:10:46,-07:00,2025-04-25T11:10:46-07:00,0,20
global.js,57,js,9d02108d,ShoutaiYue,2025-04-25,11:10:46,-07:00,2025-04-25T11:10:46-07:00,0,0
global.js,58,js,9d02108d,ShoutaiYue,2025-04-25,11:10:46,-07:00,2025-04-25T11:10:46-07:00,0,0
global.js,59,js,9d02108d,ShoutaiYue,2025-04-25,11:10:46,-07:00,2025-04-25T11:10:46-07:00,0,0
global.js,60,js,9d02108d,ShoutaiYue,2025-04-25,11:10:46,-07:00,2025-04-25T11:10:46-07:00,0,0
global.js,61,js,2935b709,ShoutaiYue,2025-04-18,18:19:56,-07:00,2025-04-18T18:19:56-07:00,0,46
global.js,62,js,8d6227ff,ShoutaiYue,2025-04-18,18:28:10,-07:00,2025-04-18T18:28:10-07:00,0,50
global.js,63,js,2935b709,ShoutaiYue,2025-04-18,18:19:56,-07:00,2025-04-18T18:19:56-07:00,0,56
global.js,64,js,2935b709,ShoutaiYue,2025-04-18,18:19:56,-07:00,2025-04-18T18:19:56-07:00,0,4
global.js,65,js,8d6227ff,ShoutaiYue,2025-04-18,18:28:10,-07:00,2025-04-18T18:28:10-07:00,0,13
global.js,66,js,2935b709,ShoutaiYue,2025-04-18,18:19:56,-07:00,2025-04-18T18:19:56-07:00,0,0
global.js,67,js,2935b709,ShoutaiYue,2025-04-18,18:19:56,-07:00,2025-04-18T18:19:56-07:00,0,23
global.js,68,js,2935b709,ShoutaiYue,2025-04-18,18:19:56,-07:00,2025-04-18T18:19:56-07:00,0,53
global.js,69,js,2935b709,ShoutaiYue,2025-04-18,18:19:56,-07:00,2025-04-18T18:19:56-07:00,0,0
global.js,70,js,2935b709,ShoutaiYue,2025-04-18,18:19:56,-07:00,2025-04-18T18:19:56-07:00,0,41
global.js,71,js,2935b709,ShoutaiYue,2025-04-18,18:19:56,-07:00,2025-04-18T18:19:56-07:00,0,26
global.js,72,js,2935b709,ShoutaiYue,2025-04-18,18:19:56,-07:00,2025-04-18T18:19:56-07:00,0,0
global.js,73,js,2935b709,ShoutaiYue,2025-04-18,18:19:56,-07:00,2025-04-18T18:19:56-07:00,0,44
global.js,74,js,2935b709,ShoutaiYue,2025-04-18,18:19:56,-07:00,2025-04-18T18:19:56-07:00,0,37
global.js,75,js,2935b709,ShoutaiYue,2025-04-18,18:19:56,-07:00,2025-04-18T18:19:56-07:00,0,7
global.js,76,js,2935b709,ShoutaiYue,2025-04-18,18:19:56,-07:00,2025-04-18T18:19:56-07:00,0,20
global.js,77,js,2935b709,ShoutaiYue,2025-04-18,18:19:56,-07:00,2025-04-18T18:19:56-07:00,0,37
global.js,78,js,2935b709,ShoutaiYue,2025-04-18,18:19:56,-07:00,2025-04-18T18:19:56-07:00,0,13
global.js,79,js,2935b709,ShoutaiYue,2025-04-18,18:19:56,-07:00,2025-04-18T18:19:56-07:00,0,21
global.js,80,js,2935b709,ShoutaiYue,2025-04-18,18:19:56,-07:00,2025-04-18T18:19:56-07:00,0,0
global.js,81,js,2935b709,ShoutaiYue,2025-04-18,18:19:56,-07:00,2025-04-18T18:19:56-07:00,0,49
global.js,82,js,2935b709,ShoutaiYue,2025-04-18,18:19:56,-07:00,2025-04-18T18:19:56-07:00,0,0
global.js,83,js,2935b709,ShoutaiYue,2025-04-18,18:19:56,-07:00,2025-04-18T18:19:56-07:00,0,16
global.js,84,js,2935b709,ShoutaiYue,2025-04-18,18:19:56,-07:00,2025-04-18T18:19:56-07:00,0,26
global.js,85,js,2935b709,ShoutaiYue,2025-04-18,18:19:56,-07:00,2025-04-18T18:19:56-07:00,0,54
global.js,86,js,2935b709,ShoutaiYue,2025-04-18,18:19:56,-07:00,2025-04-18T18:19:56-07:00,0,41
global.js,87,js,2935b709,ShoutaiYue,2025-04-18,18:19:56,-07:00,2025-04-18T18:19:56-07:00,0,0
global.js,88,js,2935b709,ShoutaiYue,2025-04-18,18:19:56,-07:00,2025-04-18T18:19:56-07:00,0,13
global.js,89,js,2935b709,ShoutaiYue,2025-04-18,18:19:56,-07:00,2025-04-18T18:19:56-07:00,0,0
global.js,90,js,2935b709,ShoutaiYue,2025-04-18,18:19:56,-07:00,2025-04-18T18:19:56-07:00,0,0
global.js,91,js,2935b709,ShoutaiYue,2025-04-18,18:19:56,-07:00,2025-04-18T18:19:56-07:00,0,32
global.js,92,js,2935b709,ShoutaiYue,2025-04-18,18:19:56,-07:00,2025-04-18T18:19:56-07:00,0,12
global.js,93,js,2935b709,ShoutaiYue,2025-04-18,18:19:56,-07:00,2025-04-18T18:19:56-07:00,0,28
global.js,94,js,2935b709,ShoutaiYue,2025-04-18,18:19:56,-07:00,2025-04-18T18:19:56-07:00,0,5
global.js,95,js,2935b709,ShoutaiYue,2025-04-18,18:19:56,-07:00,2025-04-18T18:19:56-07:00,0,7
global.js,96,js,2935b709,ShoutaiYue,2025-04-18,18:19:56,-07:00,2025-04-18T18:19:56-07:00,0,44
global.js,97,js,2935b709,ShoutaiYue,2025-04-18,18:19:56,-07:00,2025-04-18T18:19:56-07:00,0,35
global.js,98,js,2935b709,ShoutaiYue,2025-04-18,18:19:56,-07:00,2025-04-18T18:19:56-07:00,0,33
global.js,99,js,2935b709,ShoutaiYue,2025-04-18,18:19:56,-07:00,2025-04-18T18:19:56-07:00,0,8
global.js,100,js,2935b709,ShoutaiYue,2025-04-18,18:19:56,-07:00,2025-04-18T18:19:56-07:00,0,8
global.js,101,js,2935b709,ShoutaiYue,2025-04-18,18:19:56,-07:00,2025-04-18T18:19:56-07:00,0,1
global.js,102,js,2935b709,ShoutaiYue,2025-04-18,18:19:56,-07:00,2025-04-18T18:19:56-07:00,0,0
global.js,103,js,2935b709,ShoutaiYue,2025-04-18,18:19:56,-07:00,2025-04-18T18:19:56-07:00,0,61
global.js,104,js,2935b709,ShoutaiYue,2025-04-18,18:19:56,-07:00,2025-04-18T18:19:56-07:00,0,0
global.js,105,js,2935b709,ShoutaiYue,2025-04-18,18:19:56,-07:00,2025-04-18T18:19:56-07:00,0,32
global.js,106,js,2935b709,ShoutaiYue,2025-04-18,18:19:56,-07:00,2025-04-18T18:19:56-07:00,0,37
global.js,107,js,2935b709,ShoutaiYue,2025-04-18,18:19:56,-07:00,2025-04-18T18:19:56-07:00,0,29
global.js,108,js,2935b709,ShoutaiYue,2025-04-18,18:19:56,-07:00,2025-04-18T18:19:56-07:00,0,69
global.js,109,js,2935b709,ShoutaiYue,2025-04-18,18:19:56,-07:00,2025-04-18T18:19:56-07:00,0,7
global.js,110,js,2935b709,ShoutaiYue,2025-04-18,18:19:56,-07:00,2025-04-18T18:19:56-07:00,0,46
global.js,111,js,2935b709,ShoutaiYue,2025-04-18,18:19:56,-07:00,2025-04-18T18:19:56-07:00,0,0
global.js,112,js,2935b709,ShoutaiYue,2025-04-18,18:19:56,-07:00,2025-04-18T18:19:56-07:00,0,21
global.js,113,js,2935b709,ShoutaiYue,2025-04-18,18:19:56,-07:00,2025-04-18T18:19:56-07:00,0,0
global.js,114,js,2935b709,ShoutaiYue,2025-04-18,18:19:56,-07:00,2025-04-18T18:19:56-07:00,0,0
global.js,115,js,2935b709,ShoutaiYue,2025-04-18,18:19:56,-07:00,2025-04-18T18:19:56-07:00,0,56
global.js,116,js,2935b709,ShoutaiYue,2025-04-18,18:19:56,-07:00,2025-04-18T18:19:56-07:00,0,0
global.js,117,js,2935b709,ShoutaiYue,2025-04-18,18:19:56,-07:00,2025-04-18T18:19:56-07:00,0,40
global.js,118,js,2935b709,ShoutaiYue,2025-04-18,18:19:56,-07:00,2025-04-18T18:19:56-07:00,0,29
global.js,119,js,2935b709,ShoutaiYue,2025-04-18,18:19:56,-07:00,2025-04-18T18:19:56-07:00,0,33
global.js,120,js,2935b709,ShoutaiYue,2025-04-18,18:19:56,-07:00,2025-04-18T18:19:56-07:00,0,22
global.js,121,js,2935b709,ShoutaiYue,2025-04-18,18:19:56,-07:00,2025-04-18T18:19:56-07:00,0,2
global.js,122,js,2935b709,ShoutaiYue,2025-04-18,18:19:56,-07:00,2025-04-18T18:19:56-07:00,0,0
global.js,123,js,2935b709,ShoutaiYue,2025-04-18,18:19:56,-07:00,2025-04-18T18:19:56-07:00,0,87
global.js,124,js,2935b709,ShoutaiYue,2025-04-18,18:19:56,-07:00,2025-04-18T18:19:56-07:00,0,0
global.js,125,js,2935b709,ShoutaiYue,2025-04-18,18:19:56,-07:00,2025-04-18T18:19:56-07:00,0,40
global.js,126,js,2935b709,ShoutaiYue,2025-04-18,18:19:56,-07:00,2025-04-18T18:19:56-07:00,0,72
global.js,127,js,2935b709,ShoutaiYue,2025-04-18,18:19:56,-07:00,2025-04-18T18:19:56-07:00,0,0
global.js,128,js,2935b709,ShoutaiYue,2025-04-18,18:19:56,-07:00,2025-04-18T18:19:56-07:00,0,33
global.js,129,js,2935b709,ShoutaiYue,2025-04-18,18:19:56,-07:00,2025-04-18T18:19:56-07:00,0,17
global.js,130,js,2935b709,ShoutaiYue,2025-04-18,18:19:56,-07:00,2025-04-18T18:19:56-07:00,0,0
global.js,131,js,2935b709,ShoutaiYue,2025-04-18,18:19:56,-07:00,2025-04-18T18:19:56-07:00,0,34
global.js,132,js,2935b709,ShoutaiYue,2025-04-18,18:19:56,-07:00,2025-04-18T18:19:56-07:00,0,71
global.js,133,js,2935b709,ShoutaiYue,2025-04-18,18:19:56,-07:00,2025-04-18T18:19:56-07:00,0,0
global.js,134,js,2935b709,ShoutaiYue,2025-04-18,18:19:56,-07:00,2025-04-18T18:19:56-07:00,0,0
global.js,135,js,2935b709,ShoutaiYue,2025-04-18,18:19:56,-07:00,2025-04-18T18:19:56-07:00,0,92
global.js,136,js,2935b709,ShoutaiYue,2025-04-18,18:19:56,-07:00,2025-04-18T18:19:56-07:00,0,80
global.js,137,js,2935b709,ShoutaiYue,2025-04-18,18:19:56,-07:00,2025-04-18T18:19:56-07:00,0,2
resume/index.html,1,html,ebd5d30a,ShoutaiYue,2025-04-04,14:57:01,-07:00,2025-04-04T14:57:01-07:00,0,14
resume/index.html,2,html,ebd5d30a,ShoutaiYue,2025-04-04,14:57:01,-07:00,2025-04-04T14:57:01-07:00,0,15
resume/index.html,3,html,ebd5d30a,ShoutaiYue,2025-04-04,14:57:01,-07:00,2025-04-04T14:57:01-07:00,0,5
resume/index.html,4,html,dde857d8,ShoutaiYue,2025-04-12,16:36:13,-07:00,2025-04-12T16:36:13-07:00,0,23
resume/index.html,5,html,dde857d8,ShoutaiYue,2025-04-12,16:36:13,-07:00,2025-04-12T16:36:13-07:00,0,71
resume/index.html,6,html,dde857d8,ShoutaiYue,2025-04-12,16:36:13,-07:00,2025-04-12T16:36:13-07:00,0,20
resume/index.html,7,html,dde857d8,ShoutaiYue,2025-04-12,16:36:13,-07:00,2025-04-12T16:36:13-07:00,0,44
resume/index.html,8,html,2935b709,ShoutaiYue,2025-04-18,18:19:56,-07:00,2025-04-18T18:19:56-07:00,0,49
resume/index.html,9,html,dde857d8,ShoutaiYue,2025-04-12,16:36:13,-07:00,2025-04-12T16:36:13-07:00,0,6
resume/index.html,10,html,dde857d8,ShoutaiYue,2025-04-12,16:36:13,-07:00,2025-04-12T16:36:13-07:00,0,53
resume/index.html,11,html,dde857d8,ShoutaiYue,2025-04-12,16:36:13,-07:00,2025-04-12T16:36:13-07:00,0,49
resume/index.html,12,html,dde857d8,ShoutaiYue,2025-04-12,16:36:13,-07:00,2025-04-12T16:36:13-07:00,0,12
resume/index.html,13,html,dde857d8,ShoutaiYue,2025-04-12,16:36:13,-07:00,2025-04-12T16:36:13-07:00,0,49
resume/index.html,14,html,dde857d8,ShoutaiYue,2025-04-12,16:36:13,-07:00,2025-04-12T16:36:13-07:00,0,57
resume/index.html,15,html,dde857d8,ShoutaiYue,2025-04-12,16:36:13,-07:00,2025-04-12T16:36:13-07:00,0,58
resume/index.html,16,html,dde857d8,ShoutaiYue,2025-04-12,16:36:13,-07:00,2025-04-12T16:36:13-07:00,0,51
resume/index.html,17,html,dde857d8,ShoutaiYue,2025-04-12,16:36:13,-07:00,2025-04-12T16:36:13-07:00,0,0
resume/index.html,18,html,dde857d8,ShoutaiYue,2025-04-12,16:36:13,-07:00,2025-04-12T16:36:13-07:00,0,7
resume/index.html,19,html,ebd5d30a,ShoutaiYue,2025-04-04,14:57:01,-07:00,2025-04-04T14:57:01-07:00,0,6
resume/index.html,20,html,ebd5d30a,ShoutaiYue,2025-04-04,14:57:01,-07:00,2025-04-04T14:57:01-07:00,0,5
resume/index.html,21,html,dde857d8,ShoutaiYue,2025-04-12,16:36:13,-07:00,2025-04-12T16:36:13-07:00,0,28
resume/index.html,22,html,dde857d8,ShoutaiYue,2025-04-12,16:36:13,-07:00,2025-04-12T16:36:13-07:00,0,0
resume/index.html,23,html,dde857d8,ShoutaiYue,2025-04-12,16:36:13,-07:00,2025-04-12T16:36:13-07:00,0,29
resume/index.html,24,html,dde857d8,ShoutaiYue,2025-04-12,16:36:13,-07:00,2025-04-12T16:36:13-07:00,0,6
resume/index.html,25,html,dde857d8,ShoutaiYue,2025-04-12,16:36:13,-07:00,2025-04-12T16:36:13-07:00,0,17
resume/index.html,26,html,dde857d8,ShoutaiYue,2025-04-12,16:36:13,-07:00,2025-04-12T16:36:13-07:00,0,43
resume/index.html,27,html,dde857d8,ShoutaiYue,2025-04-12,16:36:13,-07:00,2025-04-12T16:36:13-07:00,0,0
resume/index.html,28,html,dde857d8,ShoutaiYue,2025-04-12,16:36:13,-07:00,2025-04-12T16:36:13-07:00,0,40
resume/index.html,29,html,dde857d8,ShoutaiYue,2025-04-12,16:36:13,-07:00,2025-04-12T16:36:13-07:00,0,79
resume/index.html,30,html,dde857d8,ShoutaiYue,2025-04-12,16:36:13,-07:00,2025-04-12T16:36:13-07:00,0,3
resume/index.html,31,html,dde857d8,ShoutaiYue,2025-04-12,16:36:13,-07:00,2025-04-12T16:36:13-07:00,0,8
resume/index.html,32,html,dde857d8,ShoutaiYue,2025-04-12,16:36:13,-07:00,2025-04-12T16:36:13-07:00,0,0
resume/index.html,33,html,9d02108d,ShoutaiYue,2025-04-25,11:10:46,-07:00,2025-04-25T11:10:46-07:00,0,41
resume/index.html,34,html,dde857d8,ShoutaiYue,2025-04-12,16:36:13,-07:00,2025-04-12T16:36:13-07:00,0,4
resume/index.html,35,html,dde857d8,ShoutaiYue,2025-04-12,16:36:13,-07:00,2025-04-12T16:36:13-07:00,0,50
resume/index.html,36,html,dde857d8,ShoutaiYue,2025-04-12,16:36:13,-07:00,2025-04-12T16:36:13-07:00,0,5
resume/index.html,37,html,ebd5d30a,ShoutaiYue,2025-04-04,14:57:01,-07:00,2025-04-04T14:57:01-07:00,0,6
resume/index.html,38,html,dde857d8,ShoutaiYue,2025-04-12,16:36:13,-07:00,2025-04-12T16:36:13-07:00,0,6
projects/projects.js,1,js,9d02108d,ShoutaiYue,2025-04-25,11:10:46,-07:00,2025-04-25T11:10:46-07:00,0,56
projects/projects.js,2,js,9a82c666,ShoutaiYue,2025-05-02,13:53:17,-07:00,2025-05-02T13:53:17-07:00,0,64
projects/projects.js,3,js,9d02108d,ShoutaiYue,2025-04-25,11:10:46,-07:00,2025-04-25T11:10:46-07:00,0,0
projects/projects.js,4,js,9a82c666,ShoutaiYue,2025-05-02,13:53:17,-07:00,2025-05-02T13:53:17-07:00,0,48
projects/projects.js,5,js,9a82c666,ShoutaiYue,2025-05-02,13:53:17,-07:00,2025-05-02T13:53:17-07:00,0,37
projects/projects.js,6,js,9a82c666,ShoutaiYue,2025-05-02,13:53:17,-07:00,2025-05-02T13:53:17-07:00,0,52
projects/projects.js,7,js,9a82c666,ShoutaiYue,2025-05-02,13:53:17,-07:00,2025-05-02T13:53:17-07:00,0,53
projects/projects.js,8,js,9a82c666,ShoutaiYue,2025-05-02,13:53:17,-07:00,2025-05-02T13:53:17-07:00,0,0
projects/projects.js,9,js,9a82c666,ShoutaiYue,2025-05-02,13:53:17,-07:00,2025-05-02T13:53:17-07:00,0,52
projects/projects.js,10,js,9a82c666,ShoutaiYue,2025-05-02,13:53:17,-07:00,2025-05-02T13:53:17-07:00,0,56
projects/projects.js,11,js,9a82c666,ShoutaiYue,2025-05-02,13:53:17,-07:00,2025-05-02T13:53:17-07:00,0,45
projects/projects.js,12,js,9a82c666,ShoutaiYue,2025-05-02,13:53:17,-07:00,2025-05-02T13:53:17-07:00,0,0
projects/projects.js,13,js,9a82c666,ShoutaiYue,2025-05-02,13:53:17,-07:00,2025-05-02T13:53:17-07:00,0,21
projects/projects.js,14,js,9a82c666,ShoutaiYue,2025-05-02,13:53:17,-07:00,2025-05-02T13:53:17-07:00,0,23
projects/projects.js,15,js,9a82c666,ShoutaiYue,2025-05-02,13:53:17,-07:00,2025-05-02T13:53:17-07:00,0,0
projects/projects.js,16,js,9a82c666,ShoutaiYue,2025-05-02,13:53:17,-07:00,2025-05-02T13:53:17-07:00,0,17
projects/projects.js,17,js,9a82c666,ShoutaiYue,2025-05-02,13:53:17,-07:00,2025-05-02T13:53:17-07:00,0,43
projects/projects.js,18,js,9a82c666,ShoutaiYue,2025-05-02,13:53:17,-07:00,2025-05-02T13:53:17-07:00,0,36
projects/projects.js,19,js,9a82c666,ShoutaiYue,2025-05-02,13:53:17,-07:00,2025-05-02T13:53:17-07:00,0,0
projects/projects.js,20,js,9a82c666,ShoutaiYue,2025-05-02,13:53:17,-07:00,2025-05-02T13:53:17-07:00,0,0
projects/projects.js,21,js,9a82c666,ShoutaiYue,2025-05-02,13:53:17,-07:00,2025-05-02T13:53:17-07:00,0,22
projects/projects.js,22,js,9a82c666,ShoutaiYue,2025-05-02,13:53:17,-07:00,2025-05-02T13:53:17-07:00,0,22
projects/projects.js,23,js,9a82c666,ShoutaiYue,2025-05-02,13:53:17,-07:00,2025-05-02T13:53:17-07:00,0,30
projects/projects.js,24,js,9a82c666,ShoutaiYue,2025-05-02,13:53:17,-07:00,2025-05-02T13:53:17-07:00,0,20
projects/projects.js,25,js,9a82c666,ShoutaiYue,2025-05-02,13:53:17,-07:00,2025-05-02T13:53:17-07:00,0,10
projects/projects.js,26,js,9a82c666,ShoutaiYue,2025-05-02,13:53:17,-07:00,2025-05-02T13:53:17-07:00,0,22
projects/projects.js,27,js,9a82c666,ShoutaiYue,2025-05-02,13:53:17,-07:00,2025-05-02T13:53:17-07:00,0,16
projects/projects.js,28,js,9a82c666,ShoutaiYue,2025-05-02,13:53:17,-07:00,2025-05-02T13:53:17-07:00,0,29
projects/projects.js,29,js,9a82c666,ShoutaiYue,2025-05-02,13:53:17,-07:00,2025-05-02T13:53:17-07:00,0,58
projects/projects.js,30,js,9a82c666,ShoutaiYue,2025-05-02,13:53:17,-07:00,2025-05-02T13:53:17-07:00,0,99
projects/projects.js,31,js,9a82c666,ShoutaiYue,2025-05-02,13:53:17,-07:00,2025-05-02T13:53:17-07:00,0,0
projects/projects.js,32,js,9a82c666,ShoutaiYue,2025-05-02,13:53:17,-07:00,2025-05-02T13:53:17-07:00,0,0
projects/projects.js,33,js,9a82c666,ShoutaiYue,2025-05-02,13:53:17,-07:00,2025-05-02T13:53:17-07:00,0,25
projects/projects.js,34,js,9a82c666,ShoutaiYue,2025-05-02,13:53:17,-07:00,2025-05-02T13:53:17-07:00,0,33
projects/projects.js,35,js,9a82c666,ShoutaiYue,2025-05-02,13:53:17,-07:00,2025-05-02T13:53:17-07:00,0,23
projects/projects.js,36,js,9a82c666,ShoutaiYue,2025-05-02,13:53:17,-07:00,2025-05-02T13:53:17-07:00,0,10
projects/projects.js,37,js,9a82c666,ShoutaiYue,2025-05-02,13:53:17,-07:00,2025-05-02T13:53:17-07:00,0,20
projects/projects.js,38,js,9a82c666,ShoutaiYue,2025-05-02,13:53:17,-07:00,2025-05-02T13:53:17-07:00,0,70
projects/projects.js,39,js,9a82c666,ShoutaiYue,2025-05-02,13:53:17,-07:00,2025-05-02T13:53:17-07:00,0,33
projects/projects.js,40,js,9a82c666,ShoutaiYue,2025-05-02,13:53:17,-07:00,2025-05-02T13:53:17-07:00,0,72
projects/projects.js,41,js,9a82c666,ShoutaiYue,2025-05-02,13:53:17,-07:00,2025-05-02T13:53:17-07:00,0,89
projects/projects.js,42,js,9a82c666,ShoutaiYue,2025-05-02,13:53:17,-07:00,2025-05-02T13:53:17-07:00,0,0
projects/projects.js,43,js,9a82c666,ShoutaiYue,2025-05-02,13:53:17,-07:00,2025-05-02T13:53:17-07:00,0,0
projects/projects.js,44,js,9a82c666,ShoutaiYue,2025-05-02,13:53:17,-07:00,2025-05-02T13:53:17-07:00,0,18
projects/projects.js,45,js,9a82c666,ShoutaiYue,2025-05-02,13:53:17,-07:00,2025-05-02T13:53:17-07:00,0,40
projects/projects.js,46,js,9a82c666,ShoutaiYue,2025-05-02,13:53:17,-07:00,2025-05-02T13:53:17-07:00,0,88
projects/projects.js,47,js,9a82c666,ShoutaiYue,2025-05-02,13:53:17,-07:00,2025-05-02T13:53:17-07:00,0,72
projects/projects.js,48,js,9a82c666,ShoutaiYue,2025-05-02,13:53:17,-07:00,2025-05-02T13:53:17-07:00,0,35
projects/projects.js,49,js,9a82c666,ShoutaiYue,2025-05-02,13:53:17,-07:00,2025-05-02T13:53:17-07:00,0,24
projects/projects.js,50,js,9a82c666,ShoutaiYue,2025-05-02,13:53:17,-07:00,2025-05-02T13:53:17-07:00,0,13
projects/projects.js,51,js,9a82c666,ShoutaiYue,2025-05-02,13:53:17,-07:00,2025-05-02T13:53:17-07:00,0,16
projects/projects.js,52,js,9d02108d,ShoutaiYue,2025-04-25,11:10:46,-07:00,2025-04-25T11:10:46-07:00,0,0
projects/projects.js,53,js,9d02108d,ShoutaiYue,2025-04-25,11:10:46,-07:00,2025-04-25T11:10:46-07:00,0,0
projects/projects.js,54,js,9a82c666,ShoutaiYue,2025-05-02,13:53:17,-07:00,2025-05-02T13:53:17-07:00,0,10
projects/projects.js,55,js,9a82c666,ShoutaiYue,2025-05-02,13:53:17,-07:00,2025-05-02T13:53:17-07:00,0,53
projects/projects.js,56,js,9a82c666,ShoutaiYue,2025-05-02,13:53:17,-07:00,2025-05-02T13:53:17-07:00,0,88
projects/projects.js,57,js,9a82c666,ShoutaiYue,2025-05-02,13:53:17,-07:00,2025-05-02T13:53:17-07:00,0,42
projects/projects.js,58,js,9a82c666,ShoutaiYue,2025-05-02,13:53:17,-07:00,2025-05-02T13:53:17-07:00,0,9
projects/projects.js,59,js,9a82c666,ShoutaiYue,2025-05-02,13:53:17,-07:00,2025-05-02T13:53:17-07:00,0,4
projects/index.html,1,html,ebd5d30a,ShoutaiYue,2025-04-04,14:57:01,-07:00,2025-04-04T14:57:01-07:00,0,14
projects/index.html,2,html,ebd5d30a,ShoutaiYue,2025-04-04,14:57:01,-07:00,2025-04-04T14:57:01-07:00,0,15
projects/index.html,3,html,9a82c666,ShoutaiYue,2025-05-02,13:53:17,-07:00,2025-05-02T13:53:17-07:00,0,0
projects/index.html,4,html,ebd5d30a,ShoutaiYue,2025-04-04,14:57:01,-07:00,2025-04-04T14:57:01-07:00,0,5
projects/index.html,5,html,dde857d8,ShoutaiYue,2025-04-12,16:36:13,-07:00,2025-04-12T16:36:13-07:00,0,23
projects/index.html,6,html,dde857d8,ShoutaiYue,2025-04-12,16:36:13,-07:00,2025-04-12T16:36:13-07:00,0,71
projects/index.html,7,html,dde857d8,ShoutaiYue,2025-04-12,16:36:13,-07:00,2025-04-12T16:36:13-07:00,0,31
projects/index.html,8,html,dde857d8,ShoutaiYue,2025-04-12,16:36:13,-07:00,2025-04-12T16:36:13-07:00,0,44
projects/index.html,9,html,9a82c666,ShoutaiYue,2025-05-02,13:53:17,-07:00,2025-05-02T13:53:17-07:00,0,6
projects/index.html,10,html,9a82c666,ShoutaiYue,2025-05-02,13:53:17,-07:00,2025-05-02T13:53:17-07:00,0,18
projects/index.html,11,html,9a82c666,ShoutaiYue,2025-05-02,13:53:17,-07:00,2025-05-02T13:53:17-07:00,0,16
projects/index.html,12,html,9a82c666,ShoutaiYue,2025-05-02,13:53:17,-07:00,2025-05-02T13:53:17-07:00,0,17
projects/index.html,13,html,9a82c666,ShoutaiYue,2025-05-02,13:53:17,-07:00,2025-05-02T13:53:17-07:00,0,17
projects/index.html,14,html,9a82c666,ShoutaiYue,2025-05-02,13:53:17,-07:00,2025-05-02T13:53:17-07:00,0,0
projects/index.html,15,html,9a82c666,ShoutaiYue,2025-05-02,13:53:17,-07:00,2025-05-02T13:53:17-07:00,0,7
projects/index.html,16,html,2935b709,ShoutaiYue,2025-04-18,18:19:56,-07:00,2025-04-18T18:19:56-07:00,0,49
projects/index.html,17,html,ebd5d30a,ShoutaiYue,2025-04-04,14:57:01,-07:00,2025-04-04T14:57:01-07:00,0,6
projects/index.html,18,html,9a82c666,ShoutaiYue,2025-05-02,13:53:17,-07:00,2025-05-02T13:53:17-07:00,0,0
projects/index.html,19,html,ebd5d30a,ShoutaiYue,2025-04-04,14:57:01,-07:00,2025-04-04T14:57:01-07:00,0,5
projects/index.html,20,html,9a82c666,ShoutaiYue,2025-05-02,13:53:17,-07:00,2025-05-02T13:53:17-07:00,0,0
projects/index.html,21,html,dde857d8,ShoutaiYue,2025-04-12,16:36:13,-07:00,2025-04-12T16:36:13-07:00,0,36
projects/index.html,22,html,dde857d8,ShoutaiYue,2025-04-12,16:36:13,-07:00,2025-04-12T16:36:13-07:00,0,0
projects/index.html,23,html,9a82c666,ShoutaiYue,2025-05-02,13:53:17,-07:00,2025-05-02T13:53:17-07:00,0,23
projects/index.html,24,html,9a82c666,ShoutaiYue,2025-05-02,13:53:17,-07:00,2025-05-02T13:53:17-07:00,0,59
projects/index.html,25,html,9a82c666,ShoutaiYue,2025-05-02,13:53:17,-07:00,2025-05-02T13:53:17-07:00,0,23
projects/index.html,26,html,9a82c666,ShoutaiYue,2025-05-02,13:53:17,-07:00,2025-05-02T13:53:17-07:00,0,5
projects/index.html,27,html,9a82c666,ShoutaiYue,2025-05-02,13:53:17,-07:00,2025-05-02T13:53:17-07:00,0,0
projects/index.html,28,html,9a82c666,ShoutaiYue,2025-05-02,13:53:17,-07:00,2025-05-02T13:53:17-07:00,0,5
projects/index.html,29,html,9a82c666,ShoutaiYue,2025-05-02,13:53:17,-07:00,2025-05-02T13:53:17-07:00,0,16
projects/index.html,30,html,9a82c666,ShoutaiYue,2025-05-02,13:53:17,-07:00,2025-05-02T13:53:17-07:00,0,12
projects/index.html,31,html,9a82c666,ShoutaiYue,2025-05-02,13:53:17,-07:00,2025-05-02T13:53:17-07:00,0,27
projects/index.html,32,html,9a82c666,ShoutaiYue,2025-05-02,13:53:17,-07:00,2025-05-02T13:53:17-07:00,0,31
projects/index.html,33,html,9a82c666,ShoutaiYue,2025-05-02,13:53:17,-07:00,2025-05-02T13:53:17-07:00,0,1
projects/index.html,34,html,9a82c666,ShoutaiYue,2025-05-02,13:53:17,-07:00,2025-05-02T13:53:17-07:00,0,0
projects/index.html,35,html,9d02108d,ShoutaiYue,2025-04-25,11:10:46,-07:00,2025-04-25T11:10:46-07:00,0,39
projects/index.html,36,html,dde857d8,ShoutaiYue,2025-04-12,16:36:13,-07:00,2025-04-12T16:36:13-07:00,0,0
projects/index.html,37,html,9d02108d,ShoutaiYue,2025-04-25,11:10:46,-07:00,2025-04-25T11:10:46-07:00,0,27
projects/index.html,38,html,dde857d8,ShoutaiYue,2025-04-12,16:36:13,-07:00,2025-04-12T16:36:13-07:00,0,0
projects/index.html,39,html,9d02108d,ShoutaiYue,2025-04-25,11:10:46,-07:00,2025-04-25T11:10:46-07:00,0,48
projects/index.html,40,html,ebd5d30a,ShoutaiYue,2025-04-04,14:57:01,-07:00,2025-04-04T14:57:01-07:00,0,6
projects/index.html,41,html,9a82c666,ShoutaiYue,2025-05-02,13:53:17,-07:00,2025-05-02T13:53:17-07:00,0,0
projects/index.html,42,html,dde857d8,ShoutaiYue,2025-04-12,16:36:13,-07:00,2025-04-12T16:36:13-07:00,0,6
contact/index.html,1,html,ebd5d30a,ShoutaiYue,2025-04-04,14:57:01,-07:00,2025-04-04T14:57:01-07:00,0,14
contact/index.html,2,html,ebd5d30a,ShoutaiYue,2025-04-04,14:57:01,-07:00,2025-04-04T14:57:01-07:00,0,15
contact/index.html,3,html,ebd5d30a,ShoutaiYue,2025-04-04,14:57:01,-07:00,2025-04-04T14:57:01-07:00,0,5
contact/index.html,4,html,dde857d8,ShoutaiYue,2025-04-12,16:36:13,-07:00,2025-04-12T16:36:13-07:00,0,23
contact/index.html,5,html,dde857d8,ShoutaiYue,2025-04-12,16:36:13,-07:00,2025-04-12T16:36:13-07:00,0,71
contact/index.html,6,html,2935b709,ShoutaiYue,2025-04-18,18:19:56,-07:00,2025-04-18T18:19:56-07:00,0,21
contact/index.html,7,html,dde857d8,ShoutaiYue,2025-04-12,16:36:13,-07:00,2025-04-12T16:36:13-07:00,0,44
contact/index.html,8,html,2935b709,ShoutaiYue,2025-04-18,18:19:56,-07:00,2025-04-18T18:19:56-07:00,0,74
contact/index.html,9,html,ebd5d30a,ShoutaiYue,2025-04-04,14:57:01,-07:00,2025-04-04T14:57:01-07:00,0,6
contact/index.html,10,html,ebd5d30a,ShoutaiYue,2025-04-04,14:57:01,-07:00,2025-04-04T14:57:01-07:00,0,5
contact/index.html,11,html,dde857d8,ShoutaiYue,2025-04-12,16:36:13,-07:00,2025-04-12T16:36:13-07:00,0,0
contact/index.html,12,html,2935b709,ShoutaiYue,2025-04-18,18:19:56,-07:00,2025-04-18T18:19:56-07:00,0,48
contact/index.html,13,html,2935b709,ShoutaiYue,2025-04-18,18:19:56,-07:00,2025-04-18T18:19:56-07:00,0,6
contact/index.html,14,html,2935b709,ShoutaiYue,2025-04-18,18:19:56,-07:00,2025-04-18T18:19:56-07:00,0,7
contact/index.html,15,html,2935b709,ShoutaiYue,2025-04-18,18:19:56,-07:00,2025-04-18T18:19:56-07:00,0,42
contact/index.html,16,html,2935b709,ShoutaiYue,2025-04-18,18:19:56,-07:00,2025-04-18T18:19:56-07:00,0,7
contact/index.html,17,html,dde857d8,ShoutaiYue,2025-04-12,16:36:13,-07:00,2025-04-12T16:36:13-07:00,0,0
contact/index.html,18,html,2935b709,ShoutaiYue,2025-04-18,18:19:56,-07:00,2025-04-18T18:19:56-07:00,0,6
contact/index.html,19,html,2935b709,ShoutaiYue,2025-04-18,18:19:56,-07:00,2025-04-18T18:19:56-07:00,0,7
contact/index.html,20,html,2935b709,ShoutaiYue,2025-04-18,18:19:56,-07:00,2025-04-18T18:19:56-07:00,0,50
contact/index.html,21,html,2935b709,ShoutaiYue,2025-04-18,18:19:56,-07:00,2025-04-18T18:19:56-07:00,0,7
contact/index.html,22,html,dde857d8,ShoutaiYue,2025-04-12,16:36:13,-07:00,2025-04-12T16:36:13-07:00,0,0
contact/index.html,23,html,2935b709,ShoutaiYue,2025-04-18,18:19:56,-07:00,2025-04-18T18:19:56-07:00,0,34
contact/index.html,24,html,dde857d8,ShoutaiYue,2025-04-12,16:36:13,-07:00,2025-04-12T16:36:13-07:00,0,6
contact/index.html,25,html,2935b709,ShoutaiYue,2025-04-18,18:19:56,-07:00,2025-04-18T18:19:56-07:00,0,0
contact/index.html,26,html,ebd5d30a,ShoutaiYue,2025-04-04,14:57:01,-07:00,2025-04-04T14:57:01-07:00,0,6
contact/index.html,27,html,2935b709,ShoutaiYue,2025-04-18,18:19:56,-07:00,2025-04-18T18:19:56-07:00,0,6
